{"polyfill":["/polyfill-74f595d311bb76aba001.js"],"app":["/app-405267b953c7ff505242.js"],"component---src-pages-404-js":["/component---src-pages-404-js-d9066465f319c4cd6579.js"],"component---src-pages-index-js":["/component---src-pages-index-js-d40fe2e217d729514698.js"],"component---src-pages-page-2-js":["/component---src-pages-page-2-js-3101a872145fb258c831.js"],"component---src-pages-using-ssr-js":["/component---src-pages-using-ssr-js-0aacd810e0486104db25.js"],"component---src-templates-using-dsg-js":["/component---src-templates-using-dsg-js-fcb8733005a723a7a9b3.js"]}