{"polyfill":["/polyfill-74f595d311bb76aba001.js"],"app":["/app-0d0f5cff34f1abe57189.js"],"component---src-pages-404-js":["/component---src-pages-404-js-d9066465f319c4cd6579.js"],"component---src-pages-index-js":["/component---src-pages-index-js-3b19a305b214059ba827.js"],"component---src-pages-page-2-js":["/component---src-pages-page-2-js-3101a872145fb258c831.js"],"component---src-pages-using-ssr-js":["/component---src-pages-using-ssr-js-0aacd810e0486104db25.js"],"component---src-templates-using-dsg-js":["/component---src-templates-using-dsg-js-fcb8733005a723a7a9b3.js"]}