{"polyfill":["/polyfill-4718f0fec20e0d09d7f5.js"],"app":["/app-76dde8d05a4864573709.js"],"component---src-pages-404-js":["/component---src-pages-404-js-ea3a5b498905eef1210b.js"],"component---src-pages-index-js":["/component---src-pages-index-js-0370f3dac57781c6adcf.js"],"component---src-pages-page-2-js":["/component---src-pages-page-2-js-296db8cd5d5bada5cc9c.js"],"component---src-pages-using-ssr-js":["/component---src-pages-using-ssr-js-6af61ddfd9ae4e9a3f8a.js"],"component---src-templates-using-dsg-js":["/component---src-templates-using-dsg-js-078f385c993ab9d87bec.js"]}