{"name":"build-javascript","namedChunkGroups":{"polyfill":{"name":"polyfill","assets":[{"name":"webpack-runtime-a20f0114e55e8d815ccc.js","size":5366},{"name":"polyfill-4718f0fec20e0d09d7f5.js","size":85862}],"filteredAssets":0,"assetsSize":91228,"filteredAuxiliaryAssets":2,"auxiliaryAssetsSize":228872},"app":{"name":"app","assets":[{"name":"webpack-runtime-a20f0114e55e8d815ccc.js","size":5366},{"name":"framework-a41a30b6052f08f79325.js","size":129775},{"name":"app-ac23d204eeb02b6452c8.js","size":71588}],"filteredAssets":0,"assetsSize":206729,"filteredAuxiliaryAssets":3,"auxiliaryAssetsSize":669043},"component---src-pages-404-js":{"name":"component---src-pages-404-js","assets":[{"name":"styles.2c8aaf18b23c61ab1612.css","size":229660},{"name":"0ea2e7cb019946e38638726dbbc5698bab6d1f5c-8bd5b706a9e5b8803f03.js","size":16839},{"name":"component---src-pages-404-js-ea3a5b498905eef1210b.js","size":483}],"filteredAssets":0,"assetsSize":246982,"filteredAuxiliaryAssets":2,"auxiliaryAssetsSize":70374},"component---src-pages-index-js":{"name":"component---src-pages-index-js","assets":[{"name":"styles.2c8aaf18b23c61ab1612.css","size":229660},{"name":"36bcf0ca-aa1de65656d056aea79c.js","size":183047},{"name":"component---src-pages-index-js-74fb2d02eac962ba1041.js","size":353390}],"filteredAssets":0,"assetsSize":766097,"filteredAuxiliaryAssets":2,"auxiliaryAssetsSize":2275856},"component---src-pages-page-2-js":{"name":"component---src-pages-page-2-js","assets":[{"name":"styles.2c8aaf18b23c61ab1612.css","size":229660},{"name":"0ea2e7cb019946e38638726dbbc5698bab6d1f5c-8bd5b706a9e5b8803f03.js","size":16839},{"name":"component---src-pages-page-2-js-296db8cd5d5bada5cc9c.js","size":521}],"filteredAssets":0,"assetsSize":247020,"filteredAuxiliaryAssets":2,"auxiliaryAssetsSize":70471},"component---src-pages-using-ssr-js":{"name":"component---src-pages-using-ssr-js","assets":[{"name":"styles.2c8aaf18b23c61ab1612.css","size":229660},{"name":"0ea2e7cb019946e38638726dbbc5698bab6d1f5c-8bd5b706a9e5b8803f03.js","size":16839},{"name":"component---src-pages-using-ssr-js-6af61ddfd9ae4e9a3f8a.js","size":878}],"filteredAssets":0,"assetsSize":247377,"filteredAuxiliaryAssets":2,"auxiliaryAssetsSize":71473},"component---src-templates-using-dsg-js":{"name":"component---src-templates-using-dsg-js","assets":[{"name":"styles.2c8aaf18b23c61ab1612.css","size":229660},{"name":"0ea2e7cb019946e38638726dbbc5698bab6d1f5c-8bd5b706a9e5b8803f03.js","size":16839},{"name":"component---src-templates-using-dsg-js-078f385c993ab9d87bec.js","size":794}],"filteredAssets":0,"assetsSize":247293,"filteredAuxiliaryAssets":2,"auxiliaryAssetsSize":70812}},"assetsByChunkName":{"polyfill":["webpack-runtime-a20f0114e55e8d815ccc.js","polyfill-4718f0fec20e0d09d7f5.js"],"app":["webpack-runtime-a20f0114e55e8d815ccc.js","framework-a41a30b6052f08f79325.js","app-ac23d204eeb02b6452c8.js"],"component---src-pages-404-js":["styles.2c8aaf18b23c61ab1612.css","0ea2e7cb019946e38638726dbbc5698bab6d1f5c-8bd5b706a9e5b8803f03.js","component---src-pages-404-js-ea3a5b498905eef1210b.js"],"component---src-pages-index-js":["styles.2c8aaf18b23c61ab1612.css","36bcf0ca-aa1de65656d056aea79c.js","component---src-pages-index-js-74fb2d02eac962ba1041.js"],"component---src-pages-page-2-js":["styles.2c8aaf18b23c61ab1612.css","0ea2e7cb019946e38638726dbbc5698bab6d1f5c-8bd5b706a9e5b8803f03.js","component---src-pages-page-2-js-296db8cd5d5bada5cc9c.js"],"component---src-pages-using-ssr-js":["styles.2c8aaf18b23c61ab1612.css","0ea2e7cb019946e38638726dbbc5698bab6d1f5c-8bd5b706a9e5b8803f03.js","component---src-pages-using-ssr-js-6af61ddfd9ae4e9a3f8a.js"],"component---src-templates-using-dsg-js":["styles.2c8aaf18b23c61ab1612.css","0ea2e7cb019946e38638726dbbc5698bab6d1f5c-8bd5b706a9e5b8803f03.js","component---src-templates-using-dsg-js-078f385c993ab9d87bec.js"]},"childAssetsByChunkName":{}}