{"name":"build-javascript","namedChunkGroups":{"polyfill":{"name":"polyfill","assets":[{"name":"webpack-runtime-daf3bedc0b9f14c4b207.js","size":5381},{"name":"polyfill-4718f0fec20e0d09d7f5.js","size":85862}],"filteredAssets":0,"assetsSize":91243,"filteredAuxiliaryAssets":2,"auxiliaryAssetsSize":228912},"app":{"name":"app","assets":[{"name":"webpack-runtime-daf3bedc0b9f14c4b207.js","size":5381},{"name":"framework-6bdc9aaa9caa3de6408b.js","size":129775},{"name":"app-76dde8d05a4864573709.js","size":71588}],"filteredAssets":0,"assetsSize":206744,"filteredAuxiliaryAssets":3,"auxiliaryAssetsSize":668991},"component---src-pages-404-js":{"name":"component---src-pages-404-js","assets":[{"name":"styles.10f43feedff749dbc157.css","size":257278},{"name":"0ea2e7cb019946e38638726dbbc5698bab6d1f5c-8bd5b706a9e5b8803f03.js","size":16839},{"name":"component---src-pages-404-js-ea3a5b498905eef1210b.js","size":483}],"filteredAssets":0,"assetsSize":274600,"filteredAuxiliaryAssets":2,"auxiliaryAssetsSize":70374},"component---src-pages-index-js":{"name":"component---src-pages-index-js","assets":[{"name":"styles.10f43feedff749dbc157.css","size":257278},{"name":"36bcf0ca-aa1de65656d056aea79c.js","size":183047},{"name":"component---src-pages-index-js-0370f3dac57781c6adcf.js","size":452759}],"filteredAssets":0,"assetsSize":893084,"filteredAuxiliaryAssets":2,"auxiliaryAssetsSize":2711130},"component---src-pages-page-2-js":{"name":"component---src-pages-page-2-js","assets":[{"name":"styles.10f43feedff749dbc157.css","size":257278},{"name":"0ea2e7cb019946e38638726dbbc5698bab6d1f5c-8bd5b706a9e5b8803f03.js","size":16839},{"name":"component---src-pages-page-2-js-296db8cd5d5bada5cc9c.js","size":521}],"filteredAssets":0,"assetsSize":274638,"filteredAuxiliaryAssets":2,"auxiliaryAssetsSize":70471},"component---src-pages-using-ssr-js":{"name":"component---src-pages-using-ssr-js","assets":[{"name":"styles.10f43feedff749dbc157.css","size":257278},{"name":"0ea2e7cb019946e38638726dbbc5698bab6d1f5c-8bd5b706a9e5b8803f03.js","size":16839},{"name":"component---src-pages-using-ssr-js-6af61ddfd9ae4e9a3f8a.js","size":878}],"filteredAssets":0,"assetsSize":274995,"filteredAuxiliaryAssets":2,"auxiliaryAssetsSize":71473},"component---src-templates-using-dsg-js":{"name":"component---src-templates-using-dsg-js","assets":[{"name":"styles.10f43feedff749dbc157.css","size":257278},{"name":"0ea2e7cb019946e38638726dbbc5698bab6d1f5c-8bd5b706a9e5b8803f03.js","size":16839},{"name":"component---src-templates-using-dsg-js-078f385c993ab9d87bec.js","size":794}],"filteredAssets":0,"assetsSize":274911,"filteredAuxiliaryAssets":2,"auxiliaryAssetsSize":70812}},"assetsByChunkName":{"polyfill":["webpack-runtime-daf3bedc0b9f14c4b207.js","polyfill-4718f0fec20e0d09d7f5.js"],"app":["webpack-runtime-daf3bedc0b9f14c4b207.js","framework-6bdc9aaa9caa3de6408b.js","app-76dde8d05a4864573709.js"],"component---src-pages-404-js":["styles.10f43feedff749dbc157.css","0ea2e7cb019946e38638726dbbc5698bab6d1f5c-8bd5b706a9e5b8803f03.js","component---src-pages-404-js-ea3a5b498905eef1210b.js"],"component---src-pages-index-js":["styles.10f43feedff749dbc157.css","36bcf0ca-aa1de65656d056aea79c.js","component---src-pages-index-js-0370f3dac57781c6adcf.js"],"component---src-pages-page-2-js":["styles.10f43feedff749dbc157.css","0ea2e7cb019946e38638726dbbc5698bab6d1f5c-8bd5b706a9e5b8803f03.js","component---src-pages-page-2-js-296db8cd5d5bada5cc9c.js"],"component---src-pages-using-ssr-js":["styles.10f43feedff749dbc157.css","0ea2e7cb019946e38638726dbbc5698bab6d1f5c-8bd5b706a9e5b8803f03.js","component---src-pages-using-ssr-js-6af61ddfd9ae4e9a3f8a.js"],"component---src-templates-using-dsg-js":["styles.10f43feedff749dbc157.css","0ea2e7cb019946e38638726dbbc5698bab6d1f5c-8bd5b706a9e5b8803f03.js","component---src-templates-using-dsg-js-078f385c993ab9d87bec.js"]},"childAssetsByChunkName":{}}