{"name":"build-javascript","namedChunkGroups":{"polyfill":{"name":"polyfill","assets":[{"name":"webpack-runtime-1abc8876d7065e232ddf.js","size":5363},{"name":"polyfill-74f595d311bb76aba001.js","size":85860}],"filteredAssets":0,"assetsSize":91223,"filteredAuxiliaryAssets":2,"auxiliaryAssetsSize":228852},"app":{"name":"app","assets":[{"name":"webpack-runtime-1abc8876d7065e232ddf.js","size":5363},{"name":"framework-c145745faf0970ba95a0.js","size":129773},{"name":"app-0d0f5cff34f1abe57189.js","size":71586}],"filteredAssets":0,"assetsSize":206722,"filteredAuxiliaryAssets":3,"auxiliaryAssetsSize":668926},"component---src-pages-404-js":{"name":"component---src-pages-404-js","assets":[{"name":"styles.2e5b8956fb240d38ac8f.css","size":230429},{"name":"0ea2e7cb019946e38638726dbbc5698bab6d1f5c-e18a651f9c6d214d29b0.js","size":16837},{"name":"component---src-pages-404-js-d9066465f319c4cd6579.js","size":481}],"filteredAssets":0,"assetsSize":247747,"filteredAuxiliaryAssets":2,"auxiliaryAssetsSize":70767},"component---src-pages-index-js":{"name":"component---src-pages-index-js","assets":[{"name":"styles.2e5b8956fb240d38ac8f.css","size":230429},{"name":"36bcf0ca-fc8dc72c173a08be6e1b.js","size":183045},{"name":"component---src-pages-index-js-3b19a305b214059ba827.js","size":357695}],"filteredAssets":0,"assetsSize":771169,"filteredAuxiliaryAssets":2,"auxiliaryAssetsSize":2291241},"component---src-pages-page-2-js":{"name":"component---src-pages-page-2-js","assets":[{"name":"styles.2e5b8956fb240d38ac8f.css","size":230429},{"name":"0ea2e7cb019946e38638726dbbc5698bab6d1f5c-e18a651f9c6d214d29b0.js","size":16837},{"name":"component---src-pages-page-2-js-3101a872145fb258c831.js","size":519}],"filteredAssets":0,"assetsSize":247785,"filteredAuxiliaryAssets":2,"auxiliaryAssetsSize":70868},"component---src-pages-using-ssr-js":{"name":"component---src-pages-using-ssr-js","assets":[{"name":"styles.2e5b8956fb240d38ac8f.css","size":230429},{"name":"0ea2e7cb019946e38638726dbbc5698bab6d1f5c-e18a651f9c6d214d29b0.js","size":16837},{"name":"component---src-pages-using-ssr-js-0aacd810e0486104db25.js","size":876}],"filteredAssets":0,"assetsSize":248142,"filteredAuxiliaryAssets":2,"auxiliaryAssetsSize":71934},"component---src-templates-using-dsg-js":{"name":"component---src-templates-using-dsg-js","assets":[{"name":"styles.2e5b8956fb240d38ac8f.css","size":230429},{"name":"0ea2e7cb019946e38638726dbbc5698bab6d1f5c-e18a651f9c6d214d29b0.js","size":16837},{"name":"component---src-templates-using-dsg-js-fcb8733005a723a7a9b3.js","size":792}],"filteredAssets":0,"assetsSize":248058,"filteredAuxiliaryAssets":2,"auxiliaryAssetsSize":71223}},"assetsByChunkName":{"polyfill":["webpack-runtime-1abc8876d7065e232ddf.js","polyfill-74f595d311bb76aba001.js"],"app":["webpack-runtime-1abc8876d7065e232ddf.js","framework-c145745faf0970ba95a0.js","app-0d0f5cff34f1abe57189.js"],"component---src-pages-404-js":["styles.2e5b8956fb240d38ac8f.css","0ea2e7cb019946e38638726dbbc5698bab6d1f5c-e18a651f9c6d214d29b0.js","component---src-pages-404-js-d9066465f319c4cd6579.js"],"component---src-pages-index-js":["styles.2e5b8956fb240d38ac8f.css","36bcf0ca-fc8dc72c173a08be6e1b.js","component---src-pages-index-js-3b19a305b214059ba827.js"],"component---src-pages-page-2-js":["styles.2e5b8956fb240d38ac8f.css","0ea2e7cb019946e38638726dbbc5698bab6d1f5c-e18a651f9c6d214d29b0.js","component---src-pages-page-2-js-3101a872145fb258c831.js"],"component---src-pages-using-ssr-js":["styles.2e5b8956fb240d38ac8f.css","0ea2e7cb019946e38638726dbbc5698bab6d1f5c-e18a651f9c6d214d29b0.js","component---src-pages-using-ssr-js-0aacd810e0486104db25.js"],"component---src-templates-using-dsg-js":["styles.2e5b8956fb240d38ac8f.css","0ea2e7cb019946e38638726dbbc5698bab6d1f5c-e18a651f9c6d214d29b0.js","component---src-templates-using-dsg-js-fcb8733005a723a7a9b3.js"]},"childAssetsByChunkName":{}}