{"name":"build-javascript","namedChunkGroups":{"polyfill":{"name":"polyfill","assets":[{"name":"webpack-runtime-6135028433e77e2c0e31.js","size":5363},{"name":"polyfill-74f595d311bb76aba001.js","size":85860}],"filteredAssets":0,"assetsSize":91223,"filteredAuxiliaryAssets":2,"auxiliaryAssetsSize":228852},"app":{"name":"app","assets":[{"name":"webpack-runtime-6135028433e77e2c0e31.js","size":5363},{"name":"framework-c145745faf0970ba95a0.js","size":129773},{"name":"app-ef9ca91bba02520e5712.js","size":71586}],"filteredAssets":0,"assetsSize":206722,"filteredAuxiliaryAssets":3,"auxiliaryAssetsSize":668926},"component---src-pages-404-js":{"name":"component---src-pages-404-js","assets":[{"name":"styles.03da6b241d693b74f250.css","size":232497},{"name":"0ea2e7cb019946e38638726dbbc5698bab6d1f5c-e18a651f9c6d214d29b0.js","size":16837},{"name":"component---src-pages-404-js-d9066465f319c4cd6579.js","size":481}],"filteredAssets":0,"assetsSize":249815,"filteredAuxiliaryAssets":2,"auxiliaryAssetsSize":70767},"component---src-pages-index-js":{"name":"component---src-pages-index-js","assets":[{"name":"styles.03da6b241d693b74f250.css","size":232497},{"name":"36bcf0ca-fc8dc72c173a08be6e1b.js","size":183045},{"name":"component---src-pages-index-js-d18608c0f9a67a5fce9d.js","size":364650}],"filteredAssets":0,"assetsSize":780192,"filteredAuxiliaryAssets":2,"auxiliaryAssetsSize":2317650},"component---src-pages-page-2-js":{"name":"component---src-pages-page-2-js","assets":[{"name":"styles.03da6b241d693b74f250.css","size":232497},{"name":"0ea2e7cb019946e38638726dbbc5698bab6d1f5c-e18a651f9c6d214d29b0.js","size":16837},{"name":"component---src-pages-page-2-js-3101a872145fb258c831.js","size":519}],"filteredAssets":0,"assetsSize":249853,"filteredAuxiliaryAssets":2,"auxiliaryAssetsSize":70868},"component---src-pages-using-ssr-js":{"name":"component---src-pages-using-ssr-js","assets":[{"name":"styles.03da6b241d693b74f250.css","size":232497},{"name":"0ea2e7cb019946e38638726dbbc5698bab6d1f5c-e18a651f9c6d214d29b0.js","size":16837},{"name":"component---src-pages-using-ssr-js-0aacd810e0486104db25.js","size":876}],"filteredAssets":0,"assetsSize":250210,"filteredAuxiliaryAssets":2,"auxiliaryAssetsSize":71934},"component---src-templates-using-dsg-js":{"name":"component---src-templates-using-dsg-js","assets":[{"name":"styles.03da6b241d693b74f250.css","size":232497},{"name":"0ea2e7cb019946e38638726dbbc5698bab6d1f5c-e18a651f9c6d214d29b0.js","size":16837},{"name":"component---src-templates-using-dsg-js-fcb8733005a723a7a9b3.js","size":792}],"filteredAssets":0,"assetsSize":250126,"filteredAuxiliaryAssets":2,"auxiliaryAssetsSize":71223}},"assetsByChunkName":{"polyfill":["webpack-runtime-6135028433e77e2c0e31.js","polyfill-74f595d311bb76aba001.js"],"app":["webpack-runtime-6135028433e77e2c0e31.js","framework-c145745faf0970ba95a0.js","app-ef9ca91bba02520e5712.js"],"component---src-pages-404-js":["styles.03da6b241d693b74f250.css","0ea2e7cb019946e38638726dbbc5698bab6d1f5c-e18a651f9c6d214d29b0.js","component---src-pages-404-js-d9066465f319c4cd6579.js"],"component---src-pages-index-js":["styles.03da6b241d693b74f250.css","36bcf0ca-fc8dc72c173a08be6e1b.js","component---src-pages-index-js-d18608c0f9a67a5fce9d.js"],"component---src-pages-page-2-js":["styles.03da6b241d693b74f250.css","0ea2e7cb019946e38638726dbbc5698bab6d1f5c-e18a651f9c6d214d29b0.js","component---src-pages-page-2-js-3101a872145fb258c831.js"],"component---src-pages-using-ssr-js":["styles.03da6b241d693b74f250.css","0ea2e7cb019946e38638726dbbc5698bab6d1f5c-e18a651f9c6d214d29b0.js","component---src-pages-using-ssr-js-0aacd810e0486104db25.js"],"component---src-templates-using-dsg-js":["styles.03da6b241d693b74f250.css","0ea2e7cb019946e38638726dbbc5698bab6d1f5c-e18a651f9c6d214d29b0.js","component---src-templates-using-dsg-js-fcb8733005a723a7a9b3.js"]},"childAssetsByChunkName":{}}