{"name":"build-javascript","namedChunkGroups":{"polyfill":{"name":"polyfill","assets":[{"name":"webpack-runtime-b6b86de9897e35eb68a1.js","size":5366},{"name":"polyfill-4718f0fec20e0d09d7f5.js","size":85862}],"filteredAssets":0,"assetsSize":91228,"filteredAuxiliaryAssets":2,"auxiliaryAssetsSize":228872},"app":{"name":"app","assets":[{"name":"webpack-runtime-b6b86de9897e35eb68a1.js","size":5366},{"name":"framework-6bdc9aaa9caa3de6408b.js","size":129775},{"name":"app-aa2efc40424a18140694.js","size":71502}],"filteredAssets":0,"assetsSize":206643,"filteredAuxiliaryAssets":3,"auxiliaryAssetsSize":668890},"component---src-pages-404-js":{"name":"component---src-pages-404-js","assets":[{"name":"styles.f83d8a4c4e01db004385.css","size":133139},{"name":"0ea2e7cb019946e38638726dbbc5698bab6d1f5c-8bd5b706a9e5b8803f03.js","size":16839},{"name":"component---src-pages-404-js-ea3a5b498905eef1210b.js","size":483}],"filteredAssets":0,"assetsSize":150461,"filteredAuxiliaryAssets":2,"auxiliaryAssetsSize":70374},"component---src-pages-index-js":{"name":"component---src-pages-index-js","assets":[{"name":"styles.f83d8a4c4e01db004385.css","size":133139},{"name":"36bcf0ca-1e2d8beff963dd0f4c0f.js","size":183046},{"name":"component---src-pages-index-js-0d3759c48d3e7317ae56.js","size":212875}],"filteredAssets":0,"assetsSize":529060,"filteredAuxiliaryAssets":2,"auxiliaryAssetsSize":1703433},"component---src-pages-page-2-js":{"name":"component---src-pages-page-2-js","assets":[{"name":"styles.f83d8a4c4e01db004385.css","size":133139},{"name":"0ea2e7cb019946e38638726dbbc5698bab6d1f5c-8bd5b706a9e5b8803f03.js","size":16839},{"name":"component---src-pages-page-2-js-296db8cd5d5bada5cc9c.js","size":521}],"filteredAssets":0,"assetsSize":150499,"filteredAuxiliaryAssets":2,"auxiliaryAssetsSize":70471},"component---src-pages-using-ssr-js":{"name":"component---src-pages-using-ssr-js","assets":[{"name":"styles.f83d8a4c4e01db004385.css","size":133139},{"name":"0ea2e7cb019946e38638726dbbc5698bab6d1f5c-8bd5b706a9e5b8803f03.js","size":16839},{"name":"component---src-pages-using-ssr-js-6af61ddfd9ae4e9a3f8a.js","size":878}],"filteredAssets":0,"assetsSize":150856,"filteredAuxiliaryAssets":2,"auxiliaryAssetsSize":71473},"component---src-templates-using-dsg-js":{"name":"component---src-templates-using-dsg-js","assets":[{"name":"styles.f83d8a4c4e01db004385.css","size":133139},{"name":"0ea2e7cb019946e38638726dbbc5698bab6d1f5c-8bd5b706a9e5b8803f03.js","size":16839},{"name":"component---src-templates-using-dsg-js-078f385c993ab9d87bec.js","size":794}],"filteredAssets":0,"assetsSize":150772,"filteredAuxiliaryAssets":2,"auxiliaryAssetsSize":70812}},"assetsByChunkName":{"polyfill":["webpack-runtime-b6b86de9897e35eb68a1.js","polyfill-4718f0fec20e0d09d7f5.js"],"app":["webpack-runtime-b6b86de9897e35eb68a1.js","framework-6bdc9aaa9caa3de6408b.js","app-aa2efc40424a18140694.js"],"component---src-pages-404-js":["styles.f83d8a4c4e01db004385.css","0ea2e7cb019946e38638726dbbc5698bab6d1f5c-8bd5b706a9e5b8803f03.js","component---src-pages-404-js-ea3a5b498905eef1210b.js"],"component---src-pages-index-js":["styles.f83d8a4c4e01db004385.css","36bcf0ca-1e2d8beff963dd0f4c0f.js","component---src-pages-index-js-0d3759c48d3e7317ae56.js"],"component---src-pages-page-2-js":["styles.f83d8a4c4e01db004385.css","0ea2e7cb019946e38638726dbbc5698bab6d1f5c-8bd5b706a9e5b8803f03.js","component---src-pages-page-2-js-296db8cd5d5bada5cc9c.js"],"component---src-pages-using-ssr-js":["styles.f83d8a4c4e01db004385.css","0ea2e7cb019946e38638726dbbc5698bab6d1f5c-8bd5b706a9e5b8803f03.js","component---src-pages-using-ssr-js-6af61ddfd9ae4e9a3f8a.js"],"component---src-templates-using-dsg-js":["styles.f83d8a4c4e01db004385.css","0ea2e7cb019946e38638726dbbc5698bab6d1f5c-8bd5b706a9e5b8803f03.js","component---src-templates-using-dsg-js-078f385c993ab9d87bec.js"]},"childAssetsByChunkName":{}}